{"cameraMode":{"drawMode":0,"name":"Shaded","section":"Shading Mode"},"sceneLighting":true,"audioPlay":false,"sceneViewState":{"m_AlwaysRefresh":false,"showFog":true,"showSkybox":true,"showFlares":true,"showImageEffects":true,"showParticleSystems":true,"showVisualEffectGraphs":true,"m_FxEnabled":true},"in2DMode":false,"pivot":{"x":7.4445600509643559,"y":1.2649182081222535,"z":2.8658199310302736},"rotation":{"x":0.019112257286906244,"y":0.6039186716079712,"z":-0.014507221058011055,"w":0.7967039346694946},"size":4.487962245941162,"orthographic":false}