{"cameraMode":{"drawMode":0,"name":"Shaded","section":"Shading Mode"},"sceneLighting":true,"audioPlay":false,"sceneViewState":{"m_AlwaysRefresh":false,"showFog":true,"showSkybox":false,"showFlares":true,"showImageEffects":true,"showParticleSystems":true,"showVisualEffectGraphs":true,"m_FxEnabled":true},"in2DMode":false,"pivot":{"x":-0.06300020217895508,"y":0.08557558059692383,"z":-0.17866277694702149},"rotation":{"x":0.019112257286906244,"y":0.6039186716079712,"z":-0.014507221058011055,"w":0.7967039346694946},"size":12.12435531616211,"orthographic":false}